{"loss/regression_loss": 3.1189916133880615, "loss/classification_loss": 13.634827613830566, "loss/total_loss": 16.75381851196289, "global_step": 0}
{"amp/grad_scale": 32768.0, "global_step": 1}
{"amp/grad_scale": 16384.0, "global_step": 2}
{"stats/learning_rate": 0.00026936, "global_step": 3}
{"stats/learning_rate": 0.00027404, "global_step": 4}
{"stats/learning_rate": 0.00027872000000000004, "global_step": 5}
{"stats/learning_rate": 0.00028340000000000006, "global_step": 6}
{"stats/learning_rate": 0.00028808, "global_step": 7}
{"stats/learning_rate": 0.00029276000000000004, "global_step": 8}
{"stats/learning_rate": 0.00029744, "global_step": 9}
{"stats/learning_rate": 0.00030212, "global_step": 10}
{"stats/learning_rate": 0.00030680000000000003, "global_step": 11}
{"stats/learning_rate": 0.00031148000000000005, "global_step": 12}
{"stats/learning_rate": 0.00031616, "global_step": 13}
{"stats/learning_rate": 0.00032084, "global_step": 14}
{"stats/learning_rate": 0.00032552, "global_step": 15}
{"stats/learning_rate": 0.00033019999999999995, "global_step": 16}
{"stats/learning_rate": 0.0003348799999999999, "global_step": 17}
{"stats/learning_rate": 0.0003395599999999999, "global_step": 18}
{"stats/learning_rate": 0.0003442399999999999, "global_step": 19}
{"loss/regression_loss": 2.1959409713745117, "loss/classification_loss": 6.5458173751831055, "loss/total_loss": 8.741758346557617, "global_step": 20}
{"stats/learning_rate": 0.00035359999999999987, "global_step": 21}
{"stats/learning_rate": 0.00035827999999999983, "global_step": 22}
{"stats/learning_rate": 0.0003629599999999998, "global_step": 23}
{"stats/learning_rate": 0.0003676399999999998, "global_step": 24}
{"stats/learning_rate": 0.0003723199999999998, "global_step": 25}
{"stats/learning_rate": 0.00037699999999999984, "global_step": 26}
{"stats/learning_rate": 0.00038167999999999986, "global_step": 27}
{"stats/learning_rate": 0.00038635999999999987, "global_step": 28}
{"stats/learning_rate": 0.0003910399999999999, "global_step": 29}
{"stats/learning_rate": 0.0003957199999999999, "global_step": 30}
{"stats/learning_rate": 0.0004003999999999999, "global_step": 31}
{"stats/learning_rate": 0.00040507999999999994, "global_step": 32}
{"stats/learning_rate": 0.0004097599999999999, "global_step": 33}
{"stats/learning_rate": 0.0004144399999999999, "global_step": 34}
{"stats/learning_rate": 0.00041911999999999993, "global_step": 35}
{"stats/learning_rate": 0.0004237999999999999, "global_step": 36}
{"stats/learning_rate": 0.00042847999999999985, "global_step": 37}
{"stats/learning_rate": 0.0004331599999999998, "global_step": 38}
{"stats/learning_rate": 0.00043783999999999983, "global_step": 39}
{"loss/regression_loss": 1.6718873977661133, "loss/classification_loss": 4.9863386154174805, "loss/total_loss": 6.658226013183594, "global_step": 40}
{"stats/learning_rate": 0.00044719999999999976, "global_step": 41}
{"stats/learning_rate": 0.00045187999999999983, "global_step": 42}
{"stats/learning_rate": 0.0004565599999999998, "global_step": 43}
{"stats/learning_rate": 0.00046123999999999975, "global_step": 44}
{"stats/learning_rate": 0.0004659199999999997, "global_step": 45}
{"stats/learning_rate": 0.0004705999999999997, "global_step": 46}
{"stats/learning_rate": 0.00047527999999999964, "global_step": 47}
{"stats/learning_rate": 0.00047995999999999965, "global_step": 48}
{"stats/learning_rate": 0.0004846399999999996, "global_step": 49}
{"stats/learning_rate": 0.0004893199999999996, "global_step": 50}
{"stats/learning_rate": 0.0004939999999999995, "global_step": 51}
{"stats/learning_rate": 0.0004986799999999995, "global_step": 52}
{"stats/learning_rate": 0.0005033599999999996, "global_step": 53}
{"stats/learning_rate": 0.0005080399999999995, "global_step": 54}
{"stats/learning_rate": 0.0005127199999999995, "global_step": 55}
{"stats/learning_rate": 0.0005173999999999996, "global_step": 56}
{"stats/learning_rate": 0.0005220799999999995, "global_step": 57}
{"stats/learning_rate": 0.0005267599999999995, "global_step": 58}
{"stats/learning_rate": 0.0005314399999999995, "global_step": 59}
{"loss/regression_loss": 1.329925537109375, "loss/classification_loss": 4.1744704246521, "loss/total_loss": 5.504395961761475, "global_step": 60}
{"stats/learning_rate": 0.0005407999999999994, "global_step": 61}
{"stats/learning_rate": 0.0005454799999999993, "global_step": 62}
{"stats/learning_rate": 0.0005501599999999993, "global_step": 63}
{"stats/learning_rate": 0.0005548399999999993, "global_step": 64}
{"stats/learning_rate": 0.0005595199999999992, "global_step": 65}
{"stats/learning_rate": 0.0005641999999999992, "global_step": 66}
{"stats/learning_rate": 0.0005688799999999991, "global_step": 67}
{"stats/learning_rate": 0.0005735599999999991, "global_step": 68}
{"stats/learning_rate": 0.0005782399999999991, "global_step": 69}
{"stats/learning_rate": 0.0005829199999999991, "global_step": 70}
{"stats/learning_rate": 0.0005875999999999991, "global_step": 71}
{"stats/learning_rate": 0.0005922799999999991, "global_step": 72}
{"stats/learning_rate": 0.0005969599999999991, "global_step": 73}
{"stats/learning_rate": 0.0006016399999999992, "global_step": 74}
{"stats/learning_rate": 0.0006063199999999992, "global_step": 75}
{"stats/learning_rate": 0.0006109999999999991, "global_step": 76}
{"stats/learning_rate": 0.0006156799999999992, "global_step": 77}
{"stats/learning_rate": 0.0006203599999999992, "global_step": 78}
{"stats/learning_rate": 0.0006250399999999991, "global_step": 79}
{"loss/regression_loss": 1.1638156175613403, "loss/classification_loss": 3.766448974609375, "loss/total_loss": 4.930264472961426, "global_step": 80}
{"stats/learning_rate": 0.0006343999999999992, "global_step": 81}
{"stats/learning_rate": 0.0006390799999999991, "global_step": 82}
{"stats/learning_rate": 0.0006437599999999991, "global_step": 83}
{"stats/learning_rate": 0.0006484399999999992, "global_step": 84}
{"stats/learning_rate": 0.0006531199999999992, "global_step": 85}
{"stats/learning_rate": 0.0006577999999999992, "global_step": 86}
{"stats/learning_rate": 0.0006624799999999991, "global_step": 87}
{"stats/learning_rate": 0.0006671599999999992, "global_step": 88}
{"stats/learning_rate": 0.0006718399999999992, "global_step": 89}
{"stats/learning_rate": 0.0006765199999999992, "global_step": 90}
{"stats/learning_rate": 0.0006811999999999993, "global_step": 91}
{"stats/learning_rate": 0.0006858799999999994, "global_step": 92}
{"stats/learning_rate": 0.0006905599999999995, "global_step": 93}
{"stats/learning_rate": 0.0006952399999999994, "global_step": 94}
{"stats/learning_rate": 0.0006999199999999994, "global_step": 95}
{"stats/learning_rate": 0.0007045999999999993, "global_step": 96}
{"stats/learning_rate": 0.0007092799999999993, "global_step": 97}
{"stats/learning_rate": 0.0007139599999999993, "global_step": 98}
{"stats/learning_rate": 0.0007186399999999993, "global_step": 99}
{"loss/regression_loss": 1.142101526260376, "loss/classification_loss": 3.6154098510742188, "loss/total_loss": 4.757511138916016, "global_step": 100}
{"stats/learning_rate": 0.0007279999999999994, "global_step": 101}
{"stats/learning_rate": 0.0007326799999999993, "global_step": 102}
{"stats/learning_rate": 0.0007373599999999994, "global_step": 103}
{"stats/learning_rate": 0.0007420399999999995, "global_step": 104}
{"stats/learning_rate": 0.0007467199999999994, "global_step": 105}
{"stats/learning_rate": 0.0007513999999999994, "global_step": 106}
{"stats/learning_rate": 0.0007560799999999995, "global_step": 107}
{"stats/learning_rate": 0.0007607599999999995, "global_step": 108}
{"stats/learning_rate": 0.0007654399999999995, "global_step": 109}
{"stats/learning_rate": 0.0007701199999999996, "global_step": 110}
{"stats/learning_rate": 0.0007747999999999996, "global_step": 111}
{"stats/learning_rate": 0.0007794799999999996, "global_step": 112}
{"stats/learning_rate": 0.0007841599999999996, "global_step": 113}
{"stats/learning_rate": 0.0007888399999999996, "global_step": 114}
{"stats/learning_rate": 0.0007935199999999997, "global_step": 115}
{"stats/learning_rate": 0.0007981999999999998, "global_step": 116}
{"stats/learning_rate": 0.0008028799999999997, "global_step": 117}
{"stats/learning_rate": 0.0008075599999999997, "global_step": 118}
{"stats/learning_rate": 0.0008122399999999998, "global_step": 119}
{"loss/regression_loss": 1.0089271068572998, "loss/classification_loss": 3.1698849201202393, "loss/total_loss": 4.178812026977539, "global_step": 120}
{"stats/learning_rate": 0.0008215999999999998, "global_step": 121}
{"stats/learning_rate": 0.0008262799999999999, "global_step": 122}
{"stats/learning_rate": 0.0008309599999999999, "global_step": 123}
{"stats/learning_rate": 0.00083564, "global_step": 124}
{"stats/learning_rate": 0.00084032, "global_step": 125}
{"stats/learning_rate": 0.0008449999999999999, "global_step": 126}
{"stats/learning_rate": 0.0008496799999999999, "global_step": 127}
{"stats/learning_rate": 0.0008543599999999999, "global_step": 128}
{"stats/learning_rate": 0.0008590399999999999, "global_step": 129}
{"stats/learning_rate": 0.0008637199999999998, "global_step": 130}
{"stats/learning_rate": 0.0008683999999999999, "global_step": 131}
{"stats/learning_rate": 0.0008730799999999999, "global_step": 132}
{"stats/learning_rate": 0.0008777599999999999, "global_step": 133}
{"stats/learning_rate": 0.0008824399999999999, "global_step": 134}
{"stats/learning_rate": 0.0008871199999999999, "global_step": 135}
{"stats/learning_rate": 0.0008918, "global_step": 136}
{"stats/learning_rate": 0.00089648, "global_step": 137}
{"stats/learning_rate": 0.00090116, "global_step": 138}
{"stats/learning_rate": 0.0009058400000000001, "global_step": 139}
{"loss/regression_loss": 0.9340479373931885, "loss/classification_loss": 2.837872266769409, "loss/total_loss": 3.7719202041625977, "global_step": 140}
{"stats/learning_rate": 0.0009152, "global_step": 141}
{"stats/learning_rate": 0.00091988, "global_step": 142}
{"stats/learning_rate": 0.00092456, "global_step": 143}
{"stats/learning_rate": 0.00092924, "global_step": 144}
{"stats/learning_rate": 0.00093392, "global_step": 145}
{"stats/learning_rate": 0.0009385999999999999, "global_step": 146}
{"stats/learning_rate": 0.00094328, "global_step": 147}
{"stats/learning_rate": 0.0009479600000000001, "global_step": 148}
{"stats/learning_rate": 0.0009526400000000001, "global_step": 149}
{"stats/learning_rate": 0.0009573200000000002, "global_step": 150}
{"stats/learning_rate": 0.0009620000000000001, "global_step": 151}
{"stats/learning_rate": 0.00096668, "global_step": 152}
{"stats/learning_rate": 0.00097136, "global_step": 153}
{"stats/learning_rate": 0.00097604, "global_step": 154}
{"stats/learning_rate": 0.00098072, "global_step": 155}
{"stats/learning_rate": 0.0009854, "global_step": 156}
{"stats/learning_rate": 0.0009900800000000002, "global_step": 157}
{"stats/learning_rate": 0.0009947600000000001, "global_step": 158}
{"stats/learning_rate": 0.00099944, "global_step": 159}
{"loss/regression_loss": 0.8612459301948547, "loss/classification_loss": 2.731088399887085, "loss/total_loss": 3.592334270477295, "global_step": 160}
{"stats/learning_rate": 0.0010088000000000002, "global_step": 161}
{"stats/learning_rate": 0.0010134800000000002, "global_step": 162}
{"stats/learning_rate": 0.0010181600000000002, "global_step": 163}
{"stats/learning_rate": 0.0010228400000000001, "global_step": 164}
{"stats/learning_rate": 0.00102752, "global_step": 165}
{"stats/learning_rate": 0.0010322, "global_step": 166}
{"stats/learning_rate": 0.00103688, "global_step": 167}
{"stats/learning_rate": 0.0010415600000000002, "global_step": 168}
{"stats/learning_rate": 0.0010462400000000001, "global_step": 169}
{"stats/learning_rate": 0.0010509200000000001, "global_step": 170}
{"stats/learning_rate": 0.0010556000000000003, "global_step": 171}
{"stats/learning_rate": 0.0010602800000000003, "global_step": 172}
{"stats/learning_rate": 0.0010649600000000004, "global_step": 173}
{"stats/learning_rate": 0.0010696400000000004, "global_step": 174}
{"stats/learning_rate": 0.0010743200000000004, "global_step": 175}
{"stats/learning_rate": 0.0010790000000000003, "global_step": 176}
{"stats/learning_rate": 0.0010836800000000005, "global_step": 177}
{"stats/learning_rate": 0.0010883600000000007, "global_step": 178}
{"stats/learning_rate": 0.0010930400000000006, "global_step": 179}
{"loss/regression_loss": 0.7933628559112549, "loss/classification_loss": 2.3859901428222656, "loss/total_loss": 3.1793529987335205, "global_step": 180}
{"stats/learning_rate": 0.0011024000000000006, "global_step": 181}
{"stats/learning_rate": 0.0011070800000000005, "global_step": 182}
{"stats/learning_rate": 0.0011117600000000007, "global_step": 183}
{"stats/learning_rate": 0.0011164400000000009, "global_step": 184}
{"stats/learning_rate": 0.0011211200000000008, "global_step": 185}
{"stats/learning_rate": 0.001125800000000001, "global_step": 186}
{"stats/learning_rate": 0.001130480000000001, "global_step": 187}
{"stats/learning_rate": 0.001135160000000001, "global_step": 188}
{"stats/learning_rate": 0.0011398400000000011, "global_step": 189}
{"stats/learning_rate": 0.0011445200000000013, "global_step": 190}
{"stats/learning_rate": 0.0011492000000000013, "global_step": 191}
{"stats/learning_rate": 0.0011538800000000012, "global_step": 192}
{"stats/learning_rate": 0.0011585600000000012, "global_step": 193}
{"stats/learning_rate": 0.0011632400000000011, "global_step": 194}
{"stats/learning_rate": 0.0011679200000000011, "global_step": 195}
{"stats/learning_rate": 0.001172600000000001, "global_step": 196}
{"stats/learning_rate": 0.001177280000000001, "global_step": 197}
{"stats/learning_rate": 0.001181960000000001, "global_step": 198}
{"stats/learning_rate": 0.0011866400000000012, "global_step": 199}
{"loss/regression_loss": 0.8516417741775513, "loss/classification_loss": 2.4496243000030518, "loss/total_loss": 3.3012661933898926, "global_step": 200}
{"stats/learning_rate": 0.0011960000000000013, "global_step": 201}
{"stats/learning_rate": 0.0012006800000000013, "global_step": 202}
{"stats/learning_rate": 0.0012053600000000012, "global_step": 203}
{"stats/learning_rate": 0.0012100400000000012, "global_step": 204}
{"stats/learning_rate": 0.0012147200000000012, "global_step": 205}
{"stats/learning_rate": 0.0012194000000000011, "global_step": 206}
{"stats/learning_rate": 0.001224080000000001, "global_step": 207}
{"stats/learning_rate": 0.001228760000000001, "global_step": 208}
{"stats/learning_rate": 0.001233440000000001, "global_step": 209}
{"stats/learning_rate": 0.0012381200000000012, "global_step": 210}
{"stats/learning_rate": 0.0012428000000000012, "global_step": 211}
{"stats/learning_rate": 0.0012474800000000011, "global_step": 212}
{"stats/learning_rate": 0.001252160000000001, "global_step": 213}
{"stats/learning_rate": 0.001256840000000001, "global_step": 214}
{"stats/learning_rate": 0.0012615200000000012, "global_step": 215}
{"stats/learning_rate": 0.0012662000000000012, "global_step": 216}
{"stats/learning_rate": 0.0012708800000000014, "global_step": 217}
{"stats/learning_rate": 0.0012755600000000015, "global_step": 218}
{"stats/learning_rate": 0.0012802400000000017, "global_step": 219}
{"loss/regression_loss": 0.8080371022224426, "loss/classification_loss": 2.279249668121338, "loss/total_loss": 3.0872867107391357, "global_step": 220}
{"stats/learning_rate": 0.0012896000000000019, "global_step": 221}
{"stats/learning_rate": 0.0012942800000000018, "global_step": 222}
{"stats/learning_rate": 0.0012989600000000018, "global_step": 223}
{"stats/learning_rate": 0.0013036400000000017, "global_step": 224}
{"stats/learning_rate": 0.001308320000000002, "global_step": 225}
{"stats/learning_rate": 0.0013130000000000019, "global_step": 226}
{"stats/learning_rate": 0.0013176800000000018, "global_step": 227}
{"stats/learning_rate": 0.001322360000000002, "global_step": 228}
{"stats/learning_rate": 0.001327040000000002, "global_step": 229}
{"stats/learning_rate": 0.001331720000000002, "global_step": 230}
{"stats/learning_rate": 0.001336400000000002, "global_step": 231}
{"stats/learning_rate": 0.0013410800000000019, "global_step": 232}
{"stats/learning_rate": 0.0013457600000000018, "global_step": 233}
{"stats/learning_rate": 0.0013504400000000018, "global_step": 234}
{"stats/learning_rate": 0.0013551200000000018, "global_step": 235}
{"stats/learning_rate": 0.0013598000000000017, "global_step": 236}
{"stats/learning_rate": 0.001364480000000002, "global_step": 237}
{"stats/learning_rate": 0.0013691600000000019, "global_step": 238}
{"stats/learning_rate": 0.0013738400000000018, "global_step": 239}
{"loss/regression_loss": 0.9243098497390747, "loss/classification_loss": 2.390315055847168, "loss/total_loss": 3.314624786376953, "global_step": 240}
{"stats/learning_rate": 0.0013832000000000017, "global_step": 241}
{"stats/learning_rate": 0.001387880000000002, "global_step": 242}
{"stats/learning_rate": 0.0013925600000000019, "global_step": 243}
{"stats/learning_rate": 0.0013972400000000018, "global_step": 244}
{"stats/learning_rate": 0.0014019200000000018, "global_step": 245}
{"stats/learning_rate": 0.0014066000000000018, "global_step": 246}
{"stats/learning_rate": 0.0014112800000000017, "global_step": 247}
{"stats/learning_rate": 0.0014159600000000017, "global_step": 248}
{"stats/learning_rate": 0.0014206400000000017, "global_step": 249}
{"stats/learning_rate": 0.0014253200000000016, "global_step": 250}
{"stats/learning_rate": 0.0014300000000000016, "global_step": 251}
{"stats/learning_rate": 0.0014346800000000015, "global_step": 252}
{"stats/learning_rate": 0.0014393600000000015, "global_step": 253}
{"stats/learning_rate": 0.0014440400000000015, "global_step": 254}
{"stats/learning_rate": 0.0014487200000000014, "global_step": 255}
{"stats/learning_rate": 0.0014534000000000016, "global_step": 256}
{"stats/learning_rate": 0.0014580800000000016, "global_step": 257}
{"stats/learning_rate": 0.0014627600000000015, "global_step": 258}
{"stats/learning_rate": 0.0014674400000000017, "global_step": 259}
{"loss/regression_loss": 0.8558619618415833, "loss/classification_loss": 2.1856887340545654, "loss/total_loss": 3.041550636291504, "global_step": 260}
{"stats/learning_rate": 0.0014768000000000016, "global_step": 261}
{"stats/learning_rate": 0.0014814800000000018, "global_step": 262}
{"stats/learning_rate": 0.0014861600000000018, "global_step": 263}
{"stats/learning_rate": 0.001490840000000002, "global_step": 264}
{"stats/learning_rate": 0.001495520000000002, "global_step": 265}
{"stats/learning_rate": 0.0015002000000000019, "global_step": 266}
{"stats/learning_rate": 0.0015048800000000018, "global_step": 267}
{"stats/learning_rate": 0.0015095600000000018, "global_step": 268}
{"stats/learning_rate": 0.001514240000000002, "global_step": 269}
{"stats/learning_rate": 0.0015189200000000022, "global_step": 270}
{"stats/learning_rate": 0.0015236000000000021, "global_step": 271}
{"stats/learning_rate": 0.0015282800000000023, "global_step": 272}
{"stats/learning_rate": 0.0015329600000000023, "global_step": 273}
{"stats/learning_rate": 0.0015376400000000022, "global_step": 274}
{"stats/learning_rate": 0.0015423200000000024, "global_step": 275}
{"stats/learning_rate": 0.0015470000000000021, "global_step": 276}
{"stats/learning_rate": 0.0015516800000000021, "global_step": 277}
{"stats/learning_rate": 0.001556360000000002, "global_step": 278}
{"stats/learning_rate": 0.0015610400000000023, "global_step": 279}
{"loss/regression_loss": 0.7466500997543335, "loss/classification_loss": 2.106919765472412, "loss/total_loss": 2.853569984436035, "global_step": 280}
{"stats/learning_rate": 0.0015704000000000024, "global_step": 281}
{"stats/learning_rate": 0.0015750800000000024, "global_step": 282}
{"stats/learning_rate": 0.0015797600000000025, "global_step": 283}
{"stats/learning_rate": 0.0015844400000000027, "global_step": 284}
{"stats/learning_rate": 0.0015891200000000029, "global_step": 285}
{"stats/learning_rate": 0.0015938000000000029, "global_step": 286}
{"stats/learning_rate": 0.0015984800000000028, "global_step": 287}
{"stats/learning_rate": 0.001603160000000003, "global_step": 288}
{"stats/learning_rate": 0.0016078400000000032, "global_step": 289}
{"stats/learning_rate": 0.0016125200000000034, "global_step": 290}
{"stats/learning_rate": 0.0016172000000000033, "global_step": 291}
{"stats/learning_rate": 0.0016218800000000033, "global_step": 292}
{"stats/learning_rate": 0.0016265600000000035, "global_step": 293}
{"stats/learning_rate": 0.0016312400000000034, "global_step": 294}
{"stats/learning_rate": 0.0016359200000000036, "global_step": 295}
{"stats/learning_rate": 0.0016406000000000036, "global_step": 296}
{"stats/learning_rate": 0.0016452800000000037, "global_step": 297}
{"stats/learning_rate": 0.0016499600000000037, "global_step": 298}
{"stats/learning_rate": 0.0016546400000000037, "global_step": 299}
{"loss/regression_loss": 0.8560004234313965, "loss/classification_loss": 2.1951208114624023, "loss/total_loss": 3.051121234893799, "global_step": 300}
{"stats/learning_rate": 0.0016640000000000038, "global_step": 301}
{"stats/learning_rate": 0.001668680000000004, "global_step": 302}
{"stats/learning_rate": 0.001673360000000004, "global_step": 303}
{"stats/learning_rate": 0.001678040000000004, "global_step": 304}
{"stats/learning_rate": 0.001682720000000004, "global_step": 305}
{"stats/learning_rate": 0.001687400000000004, "global_step": 306}
{"stats/learning_rate": 0.001692080000000004, "global_step": 307}
{"stats/learning_rate": 0.0016967600000000042, "global_step": 308}
{"stats/learning_rate": 0.0017014400000000041, "global_step": 309}
{"stats/learning_rate": 0.0017061200000000041, "global_step": 310}
{"stats/learning_rate": 0.0017108000000000043, "global_step": 311}
{"stats/epoch_time": 65.77499103546143, "global_step": 312}
{"metrics/mAP": 0.29753681728608183, "metrics/mAP@0.5": 0.5921185158193075, "metrics/mAP@0.75": 0.238735250816844, "metrics/mAP_small": 0.3306791476432964, "metrics/mAP_medium": 0.30596557275707453, "metrics/mAP_large": -1.0, "metrics/average_recall@1": 0.2592367297271358, "metrics/average_recall@10": 0.38803136871557725, "metrics/average_recall@100": 0.38803136871557725, "metrics/average_recall@100_small": 0.393725310127803, "metrics/average_recall@100_medium": 0.3813831303570674, "metrics/average_recall@100_large": -1.0, "global_step": 312}
{"stats/learning_rate": 0.0017154800000000045, "global_step": 312}
{"stats/learning_rate": 0.0017201600000000044, "global_step": 313}
{"stats/learning_rate": 0.0017248400000000044, "global_step": 314}
{"stats/learning_rate": 0.0017295200000000046, "global_step": 315}
{"stats/learning_rate": 0.0017342000000000045, "global_step": 316}
{"stats/learning_rate": 0.0017388800000000045, "global_step": 317}
{"stats/learning_rate": 0.0017435600000000047, "global_step": 318}
{"stats/learning_rate": 0.0017482400000000049, "global_step": 319}
